--SQL Queries used to create the tables in scoring.db
-- 4 tables in total: age group, pushups, situps and run

-- #1 Age Group table
-- create the table
CREATE TABLE age_groups (
   id INTEGER PRIMARY KEY,
   age_grp INTEGER NOT NULL,
   age_from INTEGER NOT NULL,
   age_to INTEGER NOT NULL
);

-- insert data into the table
INSERT INTO age_groups (age_grp, age_from, age_to) VALUES
   (1, 0, 21),
   (2, 22, 24),
   (3, 25, 27),
   (4, 28, 30),
   (5, 31, 33),
   (6, 34, 36),
   (7, 37, 39),
   (8, 40, 42),
   (9, 43, 45),
   (10, 46, 48),
   (11, 49, 51),
   (12, 52, 54),
   (13, 55, 57),
   (14, 58, 60);


-- #2 Pushup score table
-- create the table
CREATE TABLE pushups (
   id INTEGER PRIMARY KEY,
   age_grp INTEGER NOT NULL,
   reps INTEGER NOT NULL,
   score INTEGER NOT NULL
);

-- insert data into table
INSERT INTO pushups (age_grp, reps, score) VALUES
   (1,60,25),
   (1,59,24),
   (1,58,24),
   (1,57,24),
   (1,56,24),
   (1,55,23),
   (1,54,23),
   (1,53,23),
   (1,52,23),
   (1,51,22),
   (1,50,22),
   (1,49,22),
   (1,48,22),
   (1,47,21),
   (1,46,21),
   (1,45,21),
   (1,44,21),
   (1,43,20),
   (1,42,20),
   (1,41,20),
   (1,40,20),
   (1,39,19),
   (1,38,19),
   (1,37,19),
   (1,36,18),
   (1,35,18),
   (1,34,18),
   (1,33,17),
   (1,32,17),
   (1,31,17),
   (1,30,16),
   (1,29,16),
   (1,28,16),
   (1,27,15),
   (1,26,15),
   (1,25,14),
   (1,24,13),
   (1,23,12),
   (1,22,11),
   (1,21,10),
   (1,20,9),
   (1,19,8),
   (1,18,6),
   (1,17,4),
   (1,16,2),
   (1,15,1),
   (1,14,0),
   (1,13,0),
   (1,12,0),
   (1,11,0),
   (1,10,0),
   (1,9,0),
   (1,8,0),
   (1,7,0),
   (1,6,0),
   (1,5,0),
   (1,4,0),
   (1,3,0),
   (1,2,0),
   (1,1,0),
   (1,0,0),
   (2,60,25),
   (2,59,25),
   (2,58,24),
   (2,57,24),
   (2,56,24),
   (2,55,24),
   (2,54,23),
   (2,53,23),
   (2,52,23),
   (2,51,23),
   (2,50,22),
   (2,49,22),
   (2,48,22),
   (2,47,22),
   (2,46,21),
   (2,45,21),
   (2,44,21),
   (2,43,21),
   (2,42,20),
   (2,41,20),
   (2,40,20),
   (2,39,20),
   (2,38,19),
   (2,37,19),
   (2,36,19),
   (2,35,18),
   (2,34,18),
   (2,33,18),
   (2,32,17),
   (2,31,17),
   (2,30,17),
   (2,29,16),
   (2,28,16),
   (2,27,16),
   (2,26,15),
   (2,25,15),
   (2,24,14),
   (2,23,13),
   (2,22,12),
   (2,21,11),
   (2,20,10),
   (2,19,9),
   (2,18,8),
   (2,17,6),
   (2,16,4),
   (2,15,2),
   (2,14,1),
   (2,13,0),
   (2,12,0),
   (2,11,0),
   (2,10,0),
   (2,9,0),
   (2,8,0),
   (2,7,0),
   (2,6,0),
   (2,5,0),
   (2,4,0),
   (2,3,0),
   (2,2,0),
   (2,1,0),
   (2,0,0),
   (3,60,25),
   (3,59,25),
   (3,58,25),
   (3,57,24),
   (3,56,24),
   (3,55,24),
   (3,54,24),
   (3,53,23),
   (3,52,23),
   (3,51,23),
   (3,50,23),
   (3,49,22),
   (3,48,22),
   (3,47,22),
   (3,46,22),
   (3,45,21),
   (3,44,21),
   (3,43,21),
   (3,42,21),
   (3,41,20),
   (3,40,20),
   (3,39,20),
   (3,38,20),
   (3,37,19),
   (3,36,19),
   (3,35,19),
   (3,34,18),
   (3,33,18),
   (3,32,18),
   (3,31,17),
   (3,30,17),
   (3,29,17),
   (3,28,16),
   (3,27,16),
   (3,26,16),
   (3,25,15),
   (3,24,15),
   (3,23,14),
   (3,22,13),
   (3,21,12),
   (3,20,11),
   (3,19,10),
   (3,18,9),
   (3,17,8),
   (3,16,6),
   (3,15,4),
   (3,14,2),
   (3,13,1),
   (3,12,0),
   (3,11,0),
   (3,10,0),
   (3,9,0),
   (3,8,0),
   (3,7,0),
   (3,6,0),
   (3,5,0),
   (3,4,0),
   (3,3,0),
   (3,2,0),
   (3,1,0),
   (3,0,0),
   (4,60,25),
   (4,59,25),
   (4,58,25),
   (4,57,25),
   (4,56,24),
   (4,55,24),
   (4,54,24),
   (4,53,24),
   (4,52,23),
   (4,51,23),
   (4,50,23),
   (4,49,23),
   (4,48,22),
   (4,47,22),
   (4,46,22),
   (4,45,22),
   (4,44,21),
   (4,43,21),
   (4,42,21),
   (4,41,21),
   (4,40,20),
   (4,39,20),
   (4,38,20),
   (4,37,20),
   (4,36,19),
   (4,35,19),
   (4,34,19),
   (4,33,18),
   (4,32,18),
   (4,31,18),
   (4,30,17),
   (4,29,17),
   (4,28,17),
   (4,27,16),
   (4,26,16),
   (4,25,16),
   (4,24,15),
   (4,23,15),
   (4,22,14),
   (4,21,13),
   (4,20,12),
   (4,19,11),
   (4,18,10),
   (4,17,9),
   (4,16,8),
   (4,15,6),
   (4,14,4),
   (4,13,2),
   (4,12,1),
   (4,11,0),
   (4,10,0),
   (4,9,0),
   (4,8,0),
   (4,7,0),
   (4,6,0),
   (4,5,0),
   (4,4,0),
   (4,3,0),
   (4,2,0),
   (4,1,0),
   (4,0,0),
   (5,60,25),
   (5,59,25),
   (5,58,25),
   (5,57,25),
   (5,56,25),
   (5,55,24),
   (5,54,24),
   (5,53,24),
   (5,52,24),
   (5,51,23),
   (5,50,23),
   (5,49,23),
   (5,48,23),
   (5,47,22),
   (5,46,22),
   (5,45,22),
   (5,44,22),
   (5,43,21),
   (5,42,21),
   (5,41,21),
   (5,40,21),
   (5,39,20),
   (5,38,20),
   (5,37,20),
   (5,36,20),
   (5,35,19),
   (5,34,19),
   (5,33,19),
   (5,32,18),
   (5,31,18),
   (5,30,18),
   (5,29,17),
   (5,28,17),
   (5,27,17),
   (5,26,16),
   (5,25,16),
   (5,24,16),
   (5,23,15),
   (5,22,15),
   (5,21,14),
   (5,20,13),
   (5,19,12),
   (5,18,11),
   (5,17,10),
   (5,16,9),
   (5,15,8),
   (5,14,6),
   (5,13,4),
   (5,12,2),
   (5,11,1),
   (5,10,0),
   (5,9,0),
   (5,8,0),
   (5,7,0),
   (5,6,0),
   (5,5,0),
   (5,4,0),
   (5,3,0),
   (5,2,0),
   (5,1,0),
   (5,0,0),
   (6,60,25),
   (6,59,25),
   (6,58,25),
   (6,57,25),
   (6,56,25),
   (6,55,25),
   (6,54,24),
   (6,53,24),
   (6,52,24),
   (6,51,24),
   (6,50,23),
   (6,49,23),
   (6,48,23),
   (6,47,23),
   (6,46,22),
   (6,45,22),
   (6,44,22),
   (6,43,22),
   (6,42,21),
   (6,41,21),
   (6,40,21),
   (6,39,21),
   (6,38,20),
   (6,37,20),
   (6,36,20),
   (6,35,20),
   (6,34,19),
   (6,33,19),
   (6,32,19),
   (6,31,18),
   (6,30,18),
   (6,29,18),
   (6,28,17),
   (6,27,17),
   (6,26,17),
   (6,25,16),
   (6,24,16),
   (6,23,16),
   (6,22,15),
   (6,21,15),
   (6,20,14),
   (6,19,13),
   (6,18,12),
   (6,17,11),
   (6,16,10),
   (6,15,9),
   (6,14,8),
   (6,13,6),
   (6,12,4),
   (6,11,2),
   (6,10,1),
   (6,9,0),
   (6,8,0),
   (6,7,0),
   (6,6,0),
   (6,5,0),
   (6,4,0),
   (6,3,0),
   (6,2,0),
   (6,1,0),
   (6,0,0),
   (7,60,25),
   (7,59,25),
   (7,58,25),
   (7,57,25),
   (7,56,25),
   (7,55,25),
   (7,54,25),
   (7,53,24),
   (7,52,24),
   (7,51,24),
   (7,50,24),
   (7,49,23),
   (7,48,23),
   (7,47,23),
   (7,46,23),
   (7,45,22),
   (7,44,22),
   (7,43,22),
   (7,42,22),
   (7,41,21),
   (7,40,21),
   (7,39,21),
   (7,38,21),
   (7,37,20),
   (7,36,20),
   (7,35,20),
   (7,34,20),
   (7,33,19),
   (7,32,19),
   (7,31,19),
   (7,30,18),
   (7,29,18),
   (7,28,18),
   (7,27,17),
   (7,26,17),
   (7,25,17),
   (7,24,16),
   (7,23,16),
   (7,22,16),
   (7,21,15),
   (7,20,15),
   (7,19,14),
   (7,18,13),
   (7,17,12),
   (7,16,11),
   (7,15,10),
   (7,14,9),
   (7,13,8),
   (7,12,6),
   (7,11,4),
   (7,10,2),
   (7,9,1),
   (7,8,0),
   (7,7,0),
   (7,6,0),
   (7,5,0),
   (7,4,0),
   (7,3,0),
   (7,2,0),
   (7,1,0),
   (7,0,0),
   (8,60,25),
   (8,59,25),
   (8,58,25),
   (8,57,25),
   (8,56,25),
   (8,55,25),
   (8,54,25),
   (8,53,25),
   (8,52,24),
   (8,51,24),
   (8,50,24),
   (8,49,24),
   (8,48,23),
   (8,47,23),
   (8,46,23),
   (8,45,23),
   (8,44,22),
   (8,43,22),
   (8,42,22),
   (8,41,22),
   (8,40,21),
   (8,39,21),
   (8,38,21),
   (8,37,21),
   (8,36,20),
   (8,35,20),
   (8,34,20),
   (8,33,20),
   (8,32,19),
   (8,31,19),
   (8,30,19),
   (8,29,18),
   (8,28,18),
   (8,27,18),
   (8,26,17),
   (8,25,17),
   (8,24,17),
   (8,23,16),
   (8,22,16),
   (8,21,16),
   (8,20,15),
   (8,19,15),
   (8,18,14),
   (8,17,13),
   (8,16,12),
   (8,15,11),
   (8,14,10),
   (8,13,9),
   (8,12,8),
   (8,11,6),
   (8,10,4),
   (8,9,2),
   (8,8,1),
   (8,7,0),
   (8,6,0),
   (8,5,0),
   (8,4,0),
   (8,3,0),
   (8,2,0),
   (8,1,0),
   (8,0,0),
   (9,60,25),
   (9,59,25),
   (9,58,25),
   (9,57,25),
   (9,56,25),
   (9,55,25),
   (9,54,25),
   (9,53,25),
   (9,52,25),
   (9,51,25),
   (9,50,24),
   (9,49,24),
   (9,48,24),
   (9,47,24),
   (9,46,23),
   (9,45,23),
   (9,44,23),
   (9,43,23),
   (9,42,22),
   (9,41,22),
   (9,40,22),
   (9,39,22),
   (9,38,21),
   (9,37,21),
   (9,36,21),
   (9,35,21),
   (9,34,20),
   (9,33,20),
   (9,32,20),
   (9,31,19),
   (9,30,19),
   (9,29,19),
   (9,28,18),
   (9,27,18),
   (9,26,18),
   (9,25,17),
   (9,24,17),
   (9,23,17),
   (9,22,16),
   (9,21,16),
   (9,20,15),
   (9,19,15),
   (9,18,15),
   (9,17,14),
   (9,16,13),
   (9,15,12),
   (9,14,11),
   (9,13,10),
   (9,12,9),
   (9,11,8),
   (9,10,6),
   (9,9,4),
   (9,8,2),
   (9,7,1),
   (9,6,0),
   (9,5,0),
   (9,4,0),
   (9,3,0),
   (9,2,0),
   (9,1,0),
   (9,0,0),
   (10,60,25),
   (10,59,25),
   (10,58,25),
   (10,57,25),
   (10,56,25),
   (10,55,25),
   (10,54,25),
   (10,53,25),
   (10,52,25),
   (10,51,25),
   (10,50,25),
   (10,49,25),
   (10,48,24),
   (10,47,24),
   (10,46,24),
   (10,45,24),
   (10,44,23),
   (10,43,23),
   (10,42,23),
   (10,41,23),
   (10,40,22),
   (10,39,22),
   (10,38,22),
   (10,37,22),
   (10,36,21),
   (10,35,21),
   (10,34,21),
   (10,33,20),
   (10,32,20),
   (10,31,20),
   (10,30,19),
   (10,29,19),
   (10,28,19),
   (10,27,18),
   (10,26,18),
   (10,25,18),
   (10,24,17),
   (10,23,17),
   (10,22,17),
   (10,21,16),
   (10,20,16),
   (10,19,16),
   (10,18,15),
   (10,17,15),
   (10,16,14),
   (10,15,13),
   (10,14,12),
   (10,13,11),
   (10,12,10),
   (10,11,9),
   (10,10,8),
   (10,9,6),
   (10,8,4),
   (10,7,2),
   (10,6,1),
   (10,5,0),
   (10,4,0),
   (10,3,0),
   (10,2,0),
   (10,1,0),
   (10,0,0),
   (11,60,25),
   (11,59,25),
   (11,58,25),
   (11,57,25),
   (11,56,25),
   (11,55,25),
   (11,54,25),
   (11,53,25),
   (11,52,25),
   (11,51,25),
   (11,50,25),
   (11,49,25),
   (11,48,25),
   (11,47,25),
   (11,46,24),
   (11,45,24),
   (11,44,24),
   (11,43,24),
   (11,42,23),
   (11,41,23),
   (11,40,23),
   (11,39,23),
   (11,38,22),
   (11,37,22),
   (11,36,22),
   (11,35,21),
   (11,34,21),
   (11,33,21),
   (11,32,20),
   (11,31,20),
   (11,30,20),
   (11,29,19),
   (11,28,19),
   (11,27,19),
   (11,26,18),
   (11,25,18),
   (11,24,18),
   (11,23,17),
   (11,22,17),
   (11,21,17),
   (11,20,16),
   (11,19,16),
   (11,18,16),
   (11,17,15),
   (11,16,15),
   (11,15,14),
   (11,14,13),
   (11,13,12),
   (11,12,11),
   (11,11,10),
   (11,10,9),
   (11,9,8),
   (11,8,6),
   (11,7,4),
   (11,6,2),
   (11,5,1),
   (11,4,0),
   (11,3,0),
   (11,2,0),
   (11,1,0),
   (11,0,0),
   (12,60,25),
   (12,59,25),
   (12,58,25),
   (12,57,25),
   (12,56,25),
   (12,55,25),
   (12,54,25),
   (12,53,25),
   (12,52,25),
   (12,51,25),
   (12,50,25),
   (12,49,25),
   (12,48,25),
   (12,47,25),
   (12,46,25),
   (12,45,25),
   (12,44,24),
   (12,43,24),
   (12,42,24),
   (12,41,24),
   (12,40,23),
   (12,39,23),
   (12,38,23),
   (12,37,22),
   (12,36,22),
   (12,35,22),
   (12,34,21),
   (12,33,21),
   (12,32,21),
   (12,31,20),
   (12,30,20),
   (12,29,20),
   (12,28,19),
   (12,27,19),
   (12,26,19),
   (12,25,18),
   (12,24,18),
   (12,23,18),
   (12,22,17),
   (12,21,17),
   (12,20,17),
   (12,19,16),
   (12,18,16),
   (12,17,16),
   (12,16,15),
   (12,15,15),
   (12,14,14),
   (12,13,13),
   (12,12,12),
   (12,11,11),
   (12,10,10),
   (12,9,9),
   (12,8,8),
   (12,7,6),
   (12,6,4),
   (12,5,2),
   (12,4,1),
   (12,3,0),
   (12,2,0),
   (12,1,0),
   (12,0,0),
   (13,60,25),
   (13,59,25),
   (13,58,25),
   (13,57,25),
   (13,56,25),
   (13,55,25),
   (13,54,25),
   (13,53,25),
   (13,52,25),
   (13,51,25),
   (13,50,25),
   (13,49,25),
   (13,48,25),
   (13,47,25),
   (13,46,25),
   (13,45,25),
   (13,44,25),
   (13,43,25),
   (13,42,25),
   (13,41,24),
   (13,40,24),
   (13,39,24),
   (13,38,23),
   (13,37,23),
   (13,36,23),
   (13,35,22),
   (13,34,22),
   (13,33,22),
   (13,32,21),
   (13,31,21),
   (13,30,21),
   (13,29,20),
   (13,28,20),
   (13,27,19),
   (13,26,19),
   (13,25,19),
   (13,24,18),
   (13,23,18),
   (13,22,18),
   (13,21,17),
   (13,20,17),
   (13,19,17),
   (13,18,16),
   (13,17,16),
   (13,16,16),
   (13,15,15),
   (13,14,15),
   (13,13,14),
   (13,12,13),
   (13,11,12),
   (13,10,11),
   (13,9,10),
   (13,8,9),
   (13,7,8),
   (13,6,6),
   (13,5,4),
   (13,4,2),
   (13,3,1),
   (13,2,0),
   (13,1,0),
   (13,0,0),
   (14,60,25),
   (14,59,25),
   (14,58,25),
   (14,57,25),
   (14,56,25),
   (14,55,25),
   (14,54,25),
   (14,53,25),
   (14,52,25),
   (14,51,25),
   (14,50,25),
   (14,49,25),
   (14,48,25),
   (14,47,25),
   (14,46,25),
   (14,45,25),
   (14,44,25),
   (14,43,25),
   (14,42,25),
   (14,41,25),
   (14,40,25),
   (14,39,24),
   (14,38,24),
   (14,37,24),
   (14,36,23),
   (14,35,23),
   (14,34,23),
   (14,33,22),
   (14,32,22),
   (14,31,22),
   (14,30,21),
   (14,29,21),
   (14,28,20),
   (14,27,20),
   (14,26,19),
   (14,25,19),
   (14,24,19),
   (14,23,18),
   (14,22,18),
   (14,21,18),
   (14,20,17),
   (14,19,17),
   (14,18,17),
   (14,17,16),
   (14,16,16),
   (14,15,16),
   (14,14,15),
   (14,13,15),
   (14,12,14),
   (14,11,13),
   (14,10,12),
   (14,9,11),
   (14,8,10),
   (14,7,9),
   (14,6,8),
   (14,5,6),
   (14,4,4),
   (14,3,2),
   (14,2,1),
   (14,1,0),
   (14,0,0);


-- #3 Situp score table
-- create the table
CREATE TABLE situps (
   id INTEGER PRIMARY KEY,
   age_grp INTEGER NOT NULL,
   reps INTEGER NOT NULL,
   score INTEGER NOT NULL
);

-- insert data into table
INSERT INTO situps (age_grp, reps, score) VALUES
   (1,60,25),
   (1,59,24),
   (1,58,24),
   (1,57,24),
   (1,56,24),
   (1,55,23),
   (1,54,23),
   (1,53,23),
   (1,52,23),
   (1,51,22),
   (1,50,22),
   (1,49,22),
   (1,48,22),
   (1,47,21),
   (1,46,21),
   (1,45,21),
   (1,44,21),
   (1,43,20),
   (1,42,20),
   (1,41,20),
   (1,40,20),
   (1,39,19),
   (1,38,19),
   (1,37,18),
   (1,36,18),
   (1,35,17),
   (1,34,16),
   (1,33,15),
   (1,32,14),
   (1,31,14),
   (1,30,13),
   (1,29,13),
   (1,28,12),
   (1,27,11),
   (1,26,10),
   (1,25,9),
   (1,24,8),
   (1,23,7),
   (1,22,7),
   (1,21,6),
   (1,20,6),
   (1,19,5),
   (1,18,4),
   (1,17,3),
   (1,16,2),
   (1,15,1),
   (1,14,0),
   (1,13,0),
   (1,12,0),
   (1,11,0),
   (1,10,0),
   (1,9,0),
   (1,8,0),
   (1,7,0),
   (1,6,0),
   (1,5,0),
   (1,4,0),
   (1,3,0),
   (1,2,0),
   (1,1,0),
   (1,0,0),
   (2,60,25),
   (2,59,25),
   (2,58,24),
   (2,57,24),
   (2,56,24),
   (2,55,24),
   (2,54,23),
   (2,53,23),
   (2,52,23),
   (2,51,23),
   (2,50,22),
   (2,49,22),
   (2,48,22),
   (2,47,22),
   (2,46,21),
   (2,45,21),
   (2,44,21),
   (2,43,21),
   (2,42,20),
   (2,41,20),
   (2,40,20),
   (2,39,20),
   (2,38,19),
   (2,37,19),
   (2,36,18),
   (2,35,18),
   (2,34,17),
   (2,33,16),
   (2,32,15),
   (2,31,14),
   (2,30,14),
   (2,29,13),
   (2,28,13),
   (2,27,12),
   (2,26,11),
   (2,25,10),
   (2,24,9),
   (2,23,8),
   (2,22,7),
   (2,21,7),
   (2,20,6),
   (2,19,6),
   (2,18,5),
   (2,17,4),
   (2,16,3),
   (2,15,2),
   (2,14,1),
   (2,13,0),
   (2,12,0),
   (2,11,0),
   (2,10,0),
   (2,9,0),
   (2,8,0),
   (2,7,0),
   (2,6,0),
   (2,5,0),
   (2,4,0),
   (2,3,0),
   (2,2,0),
   (2,1,0),
   (2,0,0),
   (3,60,25),
   (3,59,25),
   (3,58,25),
   (3,57,24),
   (3,56,24),
   (3,55,24),
   (3,54,24),
   (3,53,23),
   (3,52,23),
   (3,51,23),
   (3,50,23),
   (3,49,22),
   (3,48,22),
   (3,47,22),
   (3,46,22),
   (3,45,21),
   (3,44,21),
   (3,43,21),
   (3,42,21),
   (3,41,20),
   (3,40,20),
   (3,39,20),
   (3,38,20),
   (3,37,19),
   (3,36,19),
   (3,35,18),
   (3,34,18),
   (3,33,17),
   (3,32,16),
   (3,31,15),
   (3,30,14),
   (3,29,14),
   (3,28,13),
   (3,27,13),
   (3,26,12),
   (3,25,11),
   (3,24,10),
   (3,23,9),
   (3,22,8),
   (3,21,7),
   (3,20,7),
   (3,19,6),
   (3,18,6),
   (3,17,5),
   (3,16,4),
   (3,15,3),
   (3,14,2),
   (3,13,1),
   (3,12,0),
   (3,11,0),
   (3,10,0),
   (3,9,0),
   (3,8,0),
   (3,7,0),
   (3,6,0),
   (3,5,0),
   (3,4,0),
   (3,3,0),
   (3,2,0),
   (3,1,0),
   (3,0,0),
   (4,60,25),
   (4,59,25),
   (4,58,25),
   (4,57,25),
   (4,56,24),
   (4,55,24),
   (4,54,24),
   (4,53,24),
   (4,52,23),
   (4,51,23),
   (4,50,23),
   (4,49,23),
   (4,48,22),
   (4,47,22),
   (4,46,22),
   (4,45,22),
   (4,44,21),
   (4,43,21),
   (4,42,21),
   (4,41,21),
   (4,40,20),
   (4,39,20),
   (4,38,20),
   (4,37,20),
   (4,36,19),
   (4,35,19),
   (4,34,18),
   (4,33,18),
   (4,32,17),
   (4,31,16),
   (4,30,15),
   (4,29,14),
   (4,28,14),
   (4,27,13),
   (4,26,13),
   (4,25,12),
   (4,24,11),
   (4,23,10),
   (4,22,9),
   (4,21,8),
   (4,20,7),
   (4,19,7),
   (4,18,6),
   (4,17,6),
   (4,16,5),
   (4,15,4),
   (4,14,3),
   (4,13,2),
   (4,12,1),
   (4,11,0),
   (4,10,0),
   (4,9,0),
   (4,8,0),
   (4,7,0),
   (4,6,0),
   (4,5,0),
   (4,4,0),
   (4,3,0),
   (4,2,0),
   (4,1,0),
   (4,0,0),
   (5,60,25),
   (5,59,25),
   (5,58,25),
   (5,57,25),
   (5,56,25),
   (5,55,24),
   (5,54,24),
   (5,53,24),
   (5,52,24),
   (5,51,23),
   (5,50,23),
   (5,49,23),
   (5,48,23),
   (5,47,22),
   (5,46,22),
   (5,45,22),
   (5,44,22),
   (5,43,21),
   (5,42,21),
   (5,41,21),
   (5,40,21),
   (5,39,20),
   (5,38,20),
   (5,37,20),
   (5,36,20),
   (5,35,19),
   (5,34,19),
   (5,33,18),
   (5,32,18),
   (5,31,17),
   (5,30,16),
   (5,29,15),
   (5,28,14),
   (5,27,14),
   (5,26,13),
   (5,25,13),
   (5,24,12),
   (5,23,11),
   (5,22,10),
   (5,21,9),
   (5,20,8),
   (5,19,7),
   (5,18,7),
   (5,17,6),
   (5,16,6),
   (5,15,5),
   (5,14,4),
   (5,13,3),
   (5,12,2),
   (5,11,1),
   (5,10,0),
   (5,9,0),
   (5,8,0),
   (5,7,0),
   (5,6,0),
   (5,5,0),
   (5,4,0),
   (5,3,0),
   (5,2,0),
   (5,1,0),
   (5,0,0),
   (6,60,25),
   (6,59,25),
   (6,58,25),
   (6,57,25),
   (6,56,25),
   (6,55,25),
   (6,54,24),
   (6,53,24),
   (6,52,24),
   (6,51,24),
   (6,50,23),
   (6,49,23),
   (6,48,23),
   (6,47,23),
   (6,46,22),
   (6,45,22),
   (6,44,22),
   (6,43,22),
   (6,42,21),
   (6,41,21),
   (6,40,21),
   (6,39,21),
   (6,38,20),
   (6,37,20),
   (6,36,20),
   (6,35,20),
   (6,34,19),
   (6,33,19),
   (6,32,18),
   (6,31,18),
   (6,30,17),
   (6,29,16),
   (6,28,15),
   (6,27,14),
   (6,26,14),
   (6,25,13),
   (6,24,13),
   (6,23,12),
   (6,22,11),
   (6,21,10),
   (6,20,9),
   (6,19,8),
   (6,18,7),
   (6,17,7),
   (6,16,6),
   (6,15,6),
   (6,14,5),
   (6,13,4),
   (6,12,3),
   (6,11,2),
   (6,10,1),
   (6,9,0),
   (6,8,0),
   (6,7,0),
   (6,6,0),
   (6,5,0),
   (6,4,0),
   (6,3,0),
   (6,2,0),
   (6,1,0),
   (6,0,0),
   (7,60,25),
   (7,59,25),
   (7,58,25),
   (7,57,25),
   (7,56,25),
   (7,55,25),
   (7,54,25),
   (7,53,24),
   (7,52,24),
   (7,51,24),
   (7,50,24),
   (7,49,23),
   (7,48,23),
   (7,47,23),
   (7,46,23),
   (7,45,22),
   (7,44,22),
   (7,43,22),
   (7,42,22),
   (7,41,21),
   (7,40,21),
   (7,39,21),
   (7,38,21),
   (7,37,20),
   (7,36,20),
   (7,35,20),
   (7,34,20),
   (7,33,19),
   (7,32,19),
   (7,31,18),
   (7,30,18),
   (7,29,17),
   (7,28,16),
   (7,27,15),
   (7,26,14),
   (7,25,14),
   (7,24,13),
   (7,23,13),
   (7,22,12),
   (7,21,11),
   (7,20,10),
   (7,19,9),
   (7,18,8),
   (7,17,7),
   (7,16,7),
   (7,15,6),
   (7,14,6),
   (7,13,5),
   (7,12,4),
   (7,11,3),
   (7,10,2),
   (7,9,1),
   (7,8,0),
   (7,7,0),
   (7,6,0),
   (7,5,0),
   (7,4,0),
   (7,3,0),
   (7,2,0),
   (7,1,0),
   (7,0,0),
   (8,60,25),
   (8,59,25),
   (8,58,25),
   (8,57,25),
   (8,56,25),
   (8,55,25),
   (8,54,25),
   (8,53,25),
   (8,52,24),
   (8,51,24),
   (8,50,24),
   (8,49,24),
   (8,48,23),
   (8,47,23),
   (8,46,23),
   (8,45,23),
   (8,44,22),
   (8,43,22),
   (8,42,22),
   (8,41,22),
   (8,40,21),
   (8,39,21),
   (8,38,21),
   (8,37,21),
   (8,36,20),
   (8,35,20),
   (8,34,20),
   (8,33,20),
   (8,32,19),
   (8,31,19),
   (8,30,18),
   (8,29,18),
   (8,28,17),
   (8,27,16),
   (8,26,15),
   (8,25,14),
   (8,24,14),
   (8,23,13),
   (8,22,13),
   (8,21,12),
   (8,20,11),
   (8,19,10),
   (8,18,9),
   (8,17,8),
   (8,16,7),
   (8,15,7),
   (8,14,6),
   (8,13,6),
   (8,12,5),
   (8,11,4),
   (8,10,3),
   (8,9,2),
   (8,8,1),
   (8,7,0),
   (8,6,0),
   (8,5,0),
   (8,4,0),
   (8,3,0),
   (8,2,0),
   (8,1,0),
   (8,0,0),
   (9,60,25),
   (9,59,25),
   (9,58,25),
   (9,57,25),
   (9,56,25),
   (9,55,25),
   (9,54,25),
   (9,53,25),
   (9,52,25),
   (9,51,25),
   (9,50,24),
   (9,49,24),
   (9,48,24),
   (9,47,24),
   (9,46,23),
   (9,45,23),
   (9,44,23),
   (9,43,23),
   (9,42,22),
   (9,41,22),
   (9,40,22),
   (9,39,22),
   (9,38,21),
   (9,37,21),
   (9,36,21),
   (9,35,21),
   (9,34,20),
   (9,33,20),
   (9,32,20),
   (9,31,19),
   (9,30,19),
   (9,29,18),
   (9,28,18),
   (9,27,17),
   (9,26,16),
   (9,25,15),
   (9,24,14),
   (9,23,14),
   (9,22,13),
   (9,21,13),
   (9,20,12),
   (9,19,11),
   (9,18,10),
   (9,17,9),
   (9,16,8),
   (9,15,7),
   (9,14,7),
   (9,13,6),
   (9,12,6),
   (9,11,5),
   (9,10,4),
   (9,9,3),
   (9,8,2),
   (9,7,1),
   (9,6,0),
   (9,5,0),
   (9,4,0),
   (9,3,0),
   (9,2,0),
   (9,1,0),
   (9,0,0),
   (10,60,25),
   (10,59,25),
   (10,58,25),
   (10,57,25),
   (10,56,25),
   (10,55,25),
   (10,54,25),
   (10,53,25),
   (10,52,25),
   (10,51,25),
   (10,50,25),
   (10,49,25),
   (10,48,24),
   (10,47,24),
   (10,46,24),
   (10,45,24),
   (10,44,23),
   (10,43,23),
   (10,42,23),
   (10,41,23),
   (10,40,22),
   (10,39,22),
   (10,38,22),
   (10,37,22),
   (10,36,21),
   (10,35,21),
   (10,34,21),
   (10,33,20),
   (10,32,20),
   (10,31,20),
   (10,30,19),
   (10,29,19),
   (10,28,18),
   (10,27,18),
   (10,26,17),
   (10,25,16),
   (10,24,15),
   (10,23,14),
   (10,22,14),
   (10,21,13),
   (10,20,13),
   (10,19,12),
   (10,18,11),
   (10,17,10),
   (10,16,9),
   (10,15,8),
   (10,14,7),
   (10,13,7),
   (10,12,6),
   (10,11,6),
   (10,10,5),
   (10,9,4),
   (10,8,3),
   (10,7,2),
   (10,6,1),
   (10,5,0),
   (10,4,0),
   (10,3,0),
   (10,2,0),
   (10,1,0),
   (10,0,0),
   (11,60,25),
   (11,59,25),
   (11,58,25),
   (11,57,25),
   (11,56,25),
   (11,55,25),
   (11,54,25),
   (11,53,25),
   (11,52,25),
   (11,51,25),
   (11,50,25),
   (11,49,25),
   (11,48,25),
   (11,47,24),
   (11,46,24),
   (11,45,24),
   (11,44,24),
   (11,43,23),
   (11,42,23),
   (11,41,23),
   (11,40,23),
   (11,39,22),
   (11,38,22),
   (11,37,22),
   (11,36,22),
   (11,35,21),
   (11,34,21),
   (11,33,21),
   (11,32,20),
   (11,31,20),
   (11,30,20),
   (11,29,19),
   (11,28,19),
   (11,27,18),
   (11,26,18),
   (11,25,17),
   (11,24,16),
   (11,23,15),
   (11,22,14),
   (11,21,14),
   (11,20,13),
   (11,19,13),
   (11,18,12),
   (11,17,11),
   (11,16,10),
   (11,15,9),
   (11,14,8),
   (11,13,7),
   (11,12,7),
   (11,11,6),
   (11,10,6),
   (11,9,5),
   (11,8,4),
   (11,7,3),
   (11,6,2),
   (11,5,1),
   (11,4,0),
   (11,3,0),
   (11,2,0),
   (11,1,0),
   (11,0,0),
   (12,60,25),
   (12,59,25),
   (12,58,25),
   (12,57,25),
   (12,56,25),
   (12,55,25),
   (12,54,25),
   (12,53,25),
   (12,52,25),
   (12,51,25),
   (12,50,25),
   (12,49,25),
   (12,48,25),
   (12,47,25),
   (12,46,25),
   (12,45,24),
   (12,44,24),
   (12,43,24),
   (12,42,24),
   (12,41,23),
   (12,40,23),
   (12,39,23),
   (12,38,23),
   (12,37,22),
   (12,36,22),
   (12,35,22),
   (12,34,21),
   (12,33,21),
   (12,32,21),
   (12,31,20),
   (12,30,20),
   (12,29,20),
   (12,28,19),
   (12,27,19),
   (12,26,18),
   (12,25,18),
   (12,24,17),
   (12,23,16),
   (12,22,15),
   (12,21,14),
   (12,20,14),
   (12,19,13),
   (12,18,13),
   (12,17,12),
   (12,16,11),
   (12,15,10),
   (12,14,9),
   (12,13,8),
   (12,12,7),
   (12,11,7),
   (12,10,6),
   (12,9,6),
   (12,8,5),
   (12,7,4),
   (12,6,3),
   (12,5,2),
   (12,4,1),
   (12,3,0),
   (12,2,0),
   (12,1,0),
   (12,0,0),
   (13,60,25),
   (13,59,25),
   (13,58,25),
   (13,57,25),
   (13,56,25),
   (13,55,25),
   (13,54,25),
   (13,53,25),
   (13,52,25),
   (13,51,25),
   (13,50,25),
   (13,49,25),
   (13,48,25),
   (13,47,25),
   (13,46,25),
   (13,45,25),
   (13,44,25),
   (13,43,24),
   (13,42,24),
   (13,41,24),
   (13,40,24),
   (13,39,23),
   (13,38,23),
   (13,37,23),
   (13,36,22),
   (13,35,22),
   (13,34,22),
   (13,33,21),
   (13,32,21),
   (13,31,21),
   (13,30,20),
   (13,29,20),
   (13,28,20),
   (13,27,19),
   (13,26,19),
   (13,25,18),
   (13,24,18),
   (13,23,17),
   (13,22,16),
   (13,21,15),
   (13,20,14),
   (13,19,14),
   (13,18,13),
   (13,17,13),
   (13,16,12),
   (13,15,11),
   (13,14,10),
   (13,13,9),
   (13,12,8),
   (13,11,7),
   (13,10,7),
   (13,9,6),
   (13,8,6),
   (13,7,5),
   (13,6,4),
   (13,5,3),
   (13,4,2),
   (13,3,1),
   (13,2,0),
   (13,1,0),
   (13,0,0),
   (14,60,25),
   (14,59,25),
   (14,58,25),
   (14,57,25),
   (14,56,25),
   (14,55,25),
   (14,54,25),
   (14,53,25),
   (14,52,25),
   (14,51,25),
   (14,50,25),
   (14,49,25),
   (14,48,25),
   (14,47,25),
   (14,46,25),
   (14,45,25),
   (14,44,25),
   (14,43,25),
   (14,42,25),
   (14,41,24),
   (14,40,24),
   (14,39,24),
   (14,38,23),
   (14,37,23),
   (14,36,23),
   (14,35,22),
   (14,34,22),
   (14,33,22),
   (14,32,21),
   (14,31,21),
   (14,30,21),
   (14,29,20),
   (14,28,20),
   (14,27,20),
   (14,26,19),
   (14,25,19),
   (14,24,18),
   (14,23,18),
   (14,22,17),
   (14,21,16),
   (14,20,15),
   (14,19,14),
   (14,18,14),
   (14,17,13),
   (14,16,13),
   (14,15,12),
   (14,14,11),
   (14,13,10),
   (14,12,9),
   (14,11,8),
   (14,10,7),
   (14,9,7),
   (14,8,6),
   (14,7,6),
   (14,6,5),
   (14,5,4),
   (14,4,3),
   (14,3,2),
   (14,2,1),
   (14,1,0),
   (14,0,0);


-- #4 2.4km run score table
-- create the table
CREATE TABLE run (
   id INTEGER PRIMARY KEY,
   time_from TIME NOT NULL,
   time_to TIME NOT NULL,
   age_grp INTEGER NOT NULL,
   score INTEGER NOT NULL
);

-- insert data into table
INSERT INTO run (time_from, time_to, age_grp, score) VALUES
   ('0:00','8:30',1,50),
   ('8:30','8:40',1,49),
   ('8:40','8:50',1,48),
   ('8:50','9:00',1,47),
   ('9:00','9:10',1,46),
   ('9:10','9:20',1,45),
   ('9:20','9:30',1,44),
   ('9:30','9:40',1,43),
   ('9:40','9:50',1,42),
   ('9:50','10:00',1,41),
   ('10:00','10:10',1,40),
   ('10:10','10:20',1,39),
   ('10:20','10:30',1,38),
   ('10:30','10:40',1,38),
   ('10:40','10:50',1,37),
   ('10:50','11:00',1,37),
   ('11:00','11:10',1,36),
   ('11:10','11:20',1,36),
   ('11:20','11:30',1,35),
   ('11:30','11:40',1,35),
   ('11:40','11:50',1,34),
   ('11:50','12:00',1,33),
   ('12:00','12:10',1,32),
   ('12:10','12:20',1,31),
   ('12:20','12:30',1,30),
   ('12:30','12:40',1,29),
   ('12:40','12:50',1,28),
   ('12:50','13:00',1,27),
   ('13:00','13:10',1,26),
   ('13:10','13:20',1,25),
   ('13:20','13:30',1,24),
   ('13:30','13:40',1,23),
   ('13:40','13:50',1,22),
   ('13:50','14:00',1,21),
   ('14:00','14:10',1,20),
   ('14:10','14:20',1,19),
   ('14:20','14:30',1,18),
   ('14:30','14:40',1,16),
   ('14:40','14:50',1,14),
   ('14:50','15:00',1,12),
   ('15:00','15:10',1,10),
   ('15:10','15:20',1,8),
   ('15:20','15:30',1,6),
   ('15:30','15:40',1,4),
   ('15:40','15:50',1,2),
   ('15:50','16:00',1,1),
   ('16:00','16:10',1,0),
   ('16:10','16:20',1,0),
   ('16:20','16:30',1,0),
   ('16:30','16:40',1,0),
   ('16:40','16:50',1,0),
   ('16:50','17:00',1,0),
   ('17:00','17:10',1,0),
   ('17:10','17:20',1,0),
   ('17:20','17:30',1,0),
   ('17:30','17:40',1,0),
   ('17:40','17:50',1,0),
   ('17:50','18:00',1,0),
   ('18:00','18:10',1,0),
   ('18:10','18:20',1,0),
   ('0:00','8:30',2,50),
   ('8:30','8:40',2,50),
   ('8:40','8:50',2,49),
   ('8:50','9:00',2,48),
   ('9:00','9:10',2,47),
   ('9:10','9:20',2,46),
   ('9:20','9:30',2,45),
   ('9:30','9:40',2,44),
   ('9:40','9:50',2,43),
   ('9:50','10:00',2,42),
   ('10:00','10:10',2,41),
   ('10:10','10:20',2,40),
   ('10:20','10:30',2,39),
   ('10:30','10:40',2,38),
   ('10:40','10:50',2,38),
   ('10:50','11:00',2,37),
   ('11:00','11:10',2,37),
   ('11:10','11:20',2,36),
   ('11:20','11:30',2,36),
   ('11:30','11:40',2,35),
   ('11:40','11:50',2,35),
   ('11:50','12:00',2,34),
   ('12:00','12:10',2,33),
   ('12:10','12:20',2,32),
   ('12:20','12:30',2,31),
   ('12:30','12:40',2,30),
   ('12:40','12:50',2,29),
   ('12:50','13:00',2,28),
   ('13:00','13:10',2,27),
   ('13:10','13:20',2,26),
   ('13:20','13:30',2,25),
   ('13:30','13:40',2,24),
   ('13:40','13:50',2,23),
   ('13:50','14:00',2,22),
   ('14:00','14:10',2,21),
   ('14:10','14:20',2,20),
   ('14:20','14:30',2,19),
   ('14:30','14:40',2,18),
   ('14:40','14:50',2,16),
   ('14:50','15:00',2,14),
   ('15:00','15:10',2,12),
   ('15:10','15:20',2,10),
   ('15:20','15:30',2,8),
   ('15:30','15:40',2,6),
   ('15:40','15:50',2,4),
   ('15:50','16:00',2,2),
   ('16:00','16:10',2,1),
   ('16:10','16:20',2,0),
   ('16:20','16:30',2,0),
   ('16:30','16:40',2,0),
   ('16:40','16:50',2,0),
   ('16:50','17:00',2,0),
   ('17:00','17:10',2,0),
   ('17:10','17:20',2,0),
   ('17:20','17:30',2,0),
   ('17:30','17:40',2,0),
   ('17:40','17:50',2,0),
   ('17:50','18:00',2,0),
   ('18:00','18:10',2,0),
   ('18:10','18:20',2,0),
   ('0:00','8:30',3,50),
   ('8:30','8:40',3,50),
   ('8:40','8:50',3,50),
   ('8:50','9:00',3,49),
   ('9:00','9:10',3,48),
   ('9:10','9:20',3,47),
   ('9:20','9:30',3,46),
   ('9:30','9:40',3,45),
   ('9:40','9:50',3,44),
   ('9:50','10:00',3,43),
   ('10:00','10:10',3,42),
   ('10:10','10:20',3,41),
   ('10:20','10:30',3,40),
   ('10:30','10:40',3,39),
   ('10:40','10:50',3,38),
   ('10:50','11:00',3,38),
   ('11:00','11:10',3,37),
   ('11:10','11:20',3,37),
   ('11:20','11:30',3,36),
   ('11:30','11:40',3,36),
   ('11:40','11:50',3,35),
   ('11:50','12:00',3,35),
   ('12:00','12:10',3,34),
   ('12:10','12:20',3,33),
   ('12:20','12:30',3,32),
   ('12:30','12:40',3,31),
   ('12:40','12:50',3,30),
   ('12:50','13:00',3,29),
   ('13:00','13:10',3,28),
   ('13:10','13:20',3,27),
   ('13:20','13:30',3,26),
   ('13:30','13:40',3,25),
   ('13:40','13:50',3,24),
   ('13:50','14:00',3,23),
   ('14:00','14:10',3,22),
   ('14:10','14:20',3,21),
   ('14:20','14:30',3,20),
   ('14:30','14:40',3,19),
   ('14:40','14:50',3,18),
   ('14:50','15:00',3,16),
   ('15:00','15:10',3,14),
   ('15:10','15:20',3,12),
   ('15:20','15:30',3,10),
   ('15:30','15:40',3,8),
   ('15:40','15:50',3,6),
   ('15:50','16:00',3,4),
   ('16:00','16:10',3,2),
   ('16:10','16:20',3,1),
   ('16:20','16:30',3,0),
   ('16:30','16:40',3,0),
   ('16:40','16:50',3,0),
   ('16:50','17:00',3,0),
   ('17:00','17:10',3,0),
   ('17:10','17:20',3,0),
   ('17:20','17:30',3,0),
   ('17:30','17:40',3,0),
   ('17:40','17:50',3,0),
   ('17:50','18:00',3,0),
   ('18:00','18:10',3,0),
   ('18:10','18:20',3,0),
   ('0:00','8:30',4,50),
   ('8:30','8:40',4,50),
   ('8:40','8:50',4,50),
   ('8:50','9:00',4,50),
   ('9:00','9:10',4,50),
   ('9:10','9:20',4,49),
   ('9:20','9:30',4,48),
   ('9:30','9:40',4,47),
   ('9:40','9:50',4,46),
   ('9:50','10:00',4,45),
   ('10:00','10:10',4,44),
   ('10:10','10:20',4,43),
   ('10:20','10:30',4,42),
   ('10:30','10:40',4,41),
   ('10:40','10:50',4,40),
   ('10:50','11:00',4,39),
   ('11:00','11:10',4,38),
   ('11:10','11:20',4,38),
   ('11:20','11:30',4,37),
   ('11:30','11:40',4,37),
   ('11:40','11:50',4,36),
   ('11:50','12:00',4,36),
   ('12:00','12:10',4,35),
   ('12:10','12:20',4,35),
   ('12:20','12:30',4,34),
   ('12:30','12:40',4,33),
   ('12:40','12:50',4,32),
   ('12:50','13:00',4,31),
   ('13:00','13:10',4,30),
   ('13:10','13:20',4,29),
   ('13:20','13:30',4,28),
   ('13:30','13:40',4,27),
   ('13:40','13:50',4,26),
   ('13:50','14:00',4,25),
   ('14:00','14:10',4,24),
   ('14:10','14:20',4,23),
   ('14:20','14:30',4,22),
   ('14:30','14:40',4,21),
   ('14:40','14:50',4,20),
   ('14:50','15:00',4,19),
   ('15:00','15:10',4,18),
   ('15:10','15:20',4,16),
   ('15:20','15:30',4,14),
   ('15:30','15:40',4,12),
   ('15:40','15:50',4,10),
   ('15:50','16:00',4,8),
   ('16:00','16:10',4,6),
   ('16:10','16:20',4,4),
   ('16:20','16:30',4,2),
   ('16:30','16:40',4,1),
   ('16:40','16:50',4,0),
   ('16:50','17:00',4,0),
   ('17:00','17:10',4,0),
   ('17:10','17:20',4,0),
   ('17:20','17:30',4,0),
   ('17:30','17:40',4,0),
   ('17:40','17:50',4,0),
   ('17:50','18:00',4,0),
   ('18:00','18:10',4,0),
   ('18:10','18:20',4,0),
   ('0:00','8:30',5,50),
   ('8:30','8:40',5,50),
   ('8:40','8:50',5,50),
   ('8:50','9:00',5,50),
   ('9:00','9:10',5,50),
   ('9:10','9:20',5,50),
   ('9:20','9:30',5,49),
   ('9:30','9:40',5,48),
   ('9:40','9:50',5,47),
   ('9:50','10:00',5,46),
   ('10:00','10:10',5,45),
   ('10:10','10:20',5,44),
   ('10:20','10:30',5,43),
   ('10:30','10:40',5,42),
   ('10:40','10:50',5,41),
   ('10:50','11:00',5,40),
   ('11:00','11:10',5,39),
   ('11:10','11:20',5,38),
   ('11:20','11:30',5,38),
   ('11:30','11:40',5,37),
   ('11:40','11:50',5,37),
   ('11:50','12:00',5,36),
   ('12:00','12:10',5,36),
   ('12:10','12:20',5,35),
   ('12:20','12:30',5,35),
   ('12:30','12:40',5,34),
   ('12:40','12:50',5,33),
   ('12:50','13:00',5,32),
   ('13:00','13:10',5,31),
   ('13:10','13:20',5,30),
   ('13:20','13:30',5,29),
   ('13:30','13:40',5,28),
   ('13:40','13:50',5,27),
   ('13:50','14:00',5,26),
   ('14:00','14:10',5,25),
   ('14:10','14:20',5,24),
   ('14:20','14:30',5,23),
   ('14:30','14:40',5,22),
   ('14:40','14:50',5,21),
   ('14:50','15:00',5,20),
   ('15:00','15:10',5,19),
   ('15:10','15:20',5,18),
   ('15:20','15:30',5,16),
   ('15:30','15:40',5,14),
   ('15:40','15:50',5,12),
   ('15:50','16:00',5,10),
   ('16:00','16:10',5,8),
   ('16:10','16:20',5,6),
   ('16:20','16:30',5,4),
   ('16:30','16:40',5,2),
   ('16:40','16:50',5,1),
   ('16:50','17:00',5,0),
   ('17:00','17:10',5,0),
   ('17:10','17:20',5,0),
   ('17:20','17:30',5,0),
   ('17:30','17:40',5,0),
   ('17:40','17:50',5,0),
   ('17:50','18:00',5,0),
   ('18:00','18:10',5,0),
   ('18:10','18:20',5,0),
   ('0:00','8:30',6,50),
   ('8:30','8:40',6,50),
   ('8:40','8:50',6,50),
   ('8:50','9:00',6,50),
   ('9:00','9:10',6,50),
   ('9:10','9:20',6,50),
   ('9:20','9:30',6,50),
   ('9:30','9:40',6,49),
   ('9:40','9:50',6,48),
   ('9:50','10:00',6,47),
   ('10:00','10:10',6,46),
   ('10:10','10:20',6,45),
   ('10:20','10:30',6,44),
   ('10:30','10:40',6,43),
   ('10:40','10:50',6,42),
   ('10:50','11:00',6,41),
   ('11:00','11:10',6,40),
   ('11:10','11:20',6,39),
   ('11:20','11:30',6,38),
   ('11:30','11:40',6,38),
   ('11:40','11:50',6,37),
   ('11:50','12:00',6,37),
   ('12:00','12:10',6,36),
   ('12:10','12:20',6,36),
   ('12:20','12:30',6,35),
   ('12:30','12:40',6,35),
   ('12:40','12:50',6,34),
   ('12:50','13:00',6,33),
   ('13:00','13:10',6,32),
   ('13:10','13:20',6,31),
   ('13:20','13:30',6,30),
   ('13:30','13:40',6,29),
   ('13:40','13:50',6,28),
   ('13:50','14:00',6,27),
   ('14:00','14:10',6,26),
   ('14:10','14:20',6,25),
   ('14:20','14:30',6,24),
   ('14:30','14:40',6,23),
   ('14:40','14:50',6,22),
   ('14:50','15:00',6,21),
   ('15:00','15:10',6,20),
   ('15:10','15:20',6,19),
   ('15:20','15:30',6,18),
   ('15:30','15:40',6,16),
   ('15:40','15:50',6,14),
   ('15:50','16:00',6,12),
   ('16:00','16:10',6,10),
   ('16:10','16:20',6,8),
   ('16:20','16:30',6,6),
   ('16:30','16:40',6,4),
   ('16:40','16:50',6,2),
   ('16:50','17:00',6,1),
   ('17:00','17:10',6,0),
   ('17:10','17:20',6,0),
   ('17:20','17:30',6,0),
   ('17:30','17:40',6,0),
   ('17:40','17:50',6,0),
   ('17:50','18:00',6,0),
   ('18:00','18:10',6,0),
   ('18:10','18:20',6,0),
   ('0:00','8:30',7,50),
   ('8:30','8:40',7,50),
   ('8:40','8:50',7,50),
   ('8:50','9:00',7,50),
   ('9:00','9:10',7,50),
   ('9:10','9:20',7,50),
   ('9:20','9:30',7,50),
   ('9:30','9:40',7,50),
   ('9:40','9:50',7,49),
   ('9:50','10:00',7,48),
   ('10:00','10:10',7,47),
   ('10:10','10:20',7,46),
   ('10:20','10:30',7,45),
   ('10:30','10:40',7,44),
   ('10:40','10:50',7,43),
   ('10:50','11:00',7,42),
   ('11:00','11:10',7,41),
   ('11:10','11:20',7,40),
   ('11:20','11:30',7,39),
   ('11:30','11:40',7,38),
   ('11:40','11:50',7,38),
   ('11:50','12:00',7,37),
   ('12:00','12:10',7,37),
   ('12:10','12:20',7,36),
   ('12:20','12:30',7,36),
   ('12:30','12:40',7,35),
   ('12:40','12:50',7,35),
   ('12:50','13:00',7,34),
   ('13:00','13:10',7,33),
   ('13:10','13:20',7,32),
   ('13:20','13:30',7,31),
   ('13:30','13:40',7,30),
   ('13:40','13:50',7,29),
   ('13:50','14:00',7,28),
   ('14:00','14:10',7,27),
   ('14:10','14:20',7,26),
   ('14:20','14:30',7,25),
   ('14:30','14:40',7,24),
   ('14:40','14:50',7,23),
   ('14:50','15:00',7,22),
   ('15:00','15:10',7,21),
   ('15:10','15:20',7,20),
   ('15:20','15:30',7,19),
   ('15:30','15:40',7,18),
   ('15:40','15:50',7,16),
   ('15:50','16:00',7,14),
   ('16:00','16:10',7,12),
   ('16:10','16:20',7,10),
   ('16:20','16:30',7,8),
   ('16:30','16:40',7,6),
   ('16:40','16:50',7,4),
   ('16:50','17:00',7,2),
   ('17:00','17:10',7,1),
   ('17:10','17:20',7,0),
   ('17:20','17:30',7,0),
   ('17:30','17:40',7,0),
   ('17:40','17:50',7,0),
   ('17:50','18:00',7,0),
   ('18:00','18:10',7,0),
   ('18:10','18:20',7,0),
   ('0:00','8:30',8,50),
   ('8:30','8:40',8,50),
   ('8:40','8:50',8,50),
   ('8:50','9:00',8,50),
   ('9:00','9:10',8,50),
   ('9:10','9:20',8,50),
   ('9:20','9:30',8,50),
   ('9:30','9:40',8,50),
   ('9:40','9:50',8,50),
   ('9:50','10:00',8,49),
   ('10:00','10:10',8,48),
   ('10:10','10:20',8,47),
   ('10:20','10:30',8,46),
   ('10:30','10:40',8,45),
   ('10:40','10:50',8,44),
   ('10:50','11:00',8,43),
   ('11:00','11:10',8,42),
   ('11:10','11:20',8,41),
   ('11:20','11:30',8,40),
   ('11:30','11:40',8,39),
   ('11:40','11:50',8,38),
   ('11:50','12:00',8,38),
   ('12:00','12:10',8,37),
   ('12:10','12:20',8,37),
   ('12:20','12:30',8,36),
   ('12:30','12:40',8,36),
   ('12:40','12:50',8,35),
   ('12:50','13:00',8,35),
   ('13:00','13:10',8,34),
   ('13:10','13:20',8,33),
   ('13:20','13:30',8,32),
   ('13:30','13:40',8,31),
   ('13:40','13:50',8,30),
   ('13:50','14:00',8,29),
   ('14:00','14:10',8,28),
   ('14:10','14:20',8,27),
   ('14:20','14:30',8,26),
   ('14:30','14:40',8,25),
   ('14:40','14:50',8,24),
   ('14:50','15:00',8,23),
   ('15:00','15:10',8,22),
   ('15:10','15:20',8,21),
   ('15:20','15:30',8,20),
   ('15:30','15:40',8,19),
   ('15:40','15:50',8,18),
   ('15:50','16:00',8,16),
   ('16:00','16:10',8,14),
   ('16:10','16:20',8,12),
   ('16:20','16:30',8,10),
   ('16:30','16:40',8,8),
   ('16:40','16:50',8,6),
   ('16:50','17:00',8,4),
   ('17:00','17:10',8,2),
   ('17:10','17:20',8,1),
   ('17:20','17:30',8,0),
   ('17:30','17:40',8,0),
   ('17:40','17:50',8,0),
   ('17:50','18:00',8,0),
   ('18:00','18:10',8,0),
   ('18:10','18:20',8,0),
   ('0:00','8:30',9,50),
   ('8:30','8:40',9,50),
   ('8:40','8:50',9,50),
   ('8:50','9:00',9,50),
   ('9:00','9:10',9,50),
   ('9:10','9:20',9,50),
   ('9:20','9:30',9,50),
   ('9:30','9:40',9,50),
   ('9:40','9:50',9,50),
   ('9:50','10:00',9,50),
   ('10:00','10:10',9,49),
   ('10:10','10:20',9,48),
   ('10:20','10:30',9,47),
   ('10:30','10:40',9,46),
   ('10:40','10:50',9,45),
   ('10:50','11:00',9,44),
   ('11:00','11:10',9,43),
   ('11:10','11:20',9,42),
   ('11:20','11:30',9,41),
   ('11:30','11:40',9,40),
   ('11:40','11:50',9,39),
   ('11:50','12:00',9,38),
   ('12:00','12:10',9,38),
   ('12:10','12:20',9,37),
   ('12:20','12:30',9,37),
   ('12:30','12:40',9,36),
   ('12:40','12:50',9,36),
   ('12:50','13:00',9,35),
   ('13:00','13:10',9,35),
   ('13:10','13:20',9,34),
   ('13:20','13:30',9,33),
   ('13:30','13:40',9,32),
   ('13:40','13:50',9,31),
   ('13:50','14:00',9,30),
   ('14:00','14:10',9,29),
   ('14:10','14:20',9,28),
   ('14:20','14:30',9,27),
   ('14:30','14:40',9,26),
   ('14:40','14:50',9,25),
   ('14:50','15:00',9,24),
   ('15:00','15:10',9,23),
   ('15:10','15:20',9,22),
   ('15:20','15:30',9,21),
   ('15:30','15:40',9,20),
   ('15:40','15:50',9,19),
   ('15:50','16:00',9,18),
   ('16:00','16:10',9,16),
   ('16:10','16:20',9,14),
   ('16:20','16:30',9,12),
   ('16:30','16:40',9,10),
   ('16:40','16:50',9,8),
   ('16:50','17:00',9,6),
   ('17:00','17:10',9,4),
   ('17:10','17:20',9,2),
   ('17:20','17:30',9,1),
   ('17:30','17:40',9,0),
   ('17:40','17:50',9,0),
   ('17:50','18:00',9,0),
   ('18:00','18:10',9,0),
   ('18:10','18:20',9,0),
   ('0:00','8:30',10,50),
   ('8:30','8:40',10,50),
   ('8:40','8:50',10,50),
   ('8:50','9:00',10,50),
   ('9:00','9:10',10,50),
   ('9:10','9:20',10,50),
   ('9:20','9:30',10,50),
   ('9:30','9:40',10,50),
   ('9:40','9:50',10,50),
   ('9:50','10:00',10,50),
   ('10:00','10:10',10,50),
   ('10:10','10:20',10,49),
   ('10:20','10:30',10,48),
   ('10:30','10:40',10,47),
   ('10:40','10:50',10,46),
   ('10:50','11:00',10,45),
   ('11:00','11:10',10,44),
   ('11:10','11:20',10,43),
   ('11:20','11:30',10,42),
   ('11:30','11:40',10,41),
   ('11:40','11:50',10,40),
   ('11:50','12:00',10,39),
   ('12:00','12:10',10,38),
   ('12:10','12:20',10,38),
   ('12:20','12:30',10,37),
   ('12:30','12:40',10,37),
   ('12:40','12:50',10,36),
   ('12:50','13:00',10,36),
   ('13:00','13:10',10,35),
   ('13:10','13:20',10,35),
   ('13:20','13:30',10,34),
   ('13:30','13:40',10,33),
   ('13:40','13:50',10,32),
   ('13:50','14:00',10,31),
   ('14:00','14:10',10,30),
   ('14:10','14:20',10,29),
   ('14:20','14:30',10,28),
   ('14:30','14:40',10,27),
   ('14:40','14:50',10,26),
   ('14:50','15:00',10,25),
   ('15:00','15:10',10,24),
   ('15:10','15:20',10,23),
   ('15:20','15:30',10,22),
   ('15:30','15:40',10,21),
   ('15:40','15:50',10,20),
   ('15:50','16:00',10,19),
   ('16:00','16:10',10,18),
   ('16:10','16:20',10,16),
   ('16:20','16:30',10,14),
   ('16:30','16:40',10,12),
   ('16:40','16:50',10,10),
   ('16:50','17:00',10,8),
   ('17:00','17:10',10,6),
   ('17:10','17:20',10,4),
   ('17:20','17:30',10,2),
   ('17:30','17:40',10,1),
   ('17:40','17:50',10,0),
   ('17:50','18:00',10,0),
   ('18:00','18:10',10,0),
   ('18:10','18:20',10,0),
   ('0:00','8:30',11,50),
   ('8:30','8:40',11,50),
   ('8:40','8:50',11,50),
   ('8:50','9:00',11,50),
   ('9:00','9:10',11,50),
   ('9:10','9:20',11,50),
   ('9:20','9:30',11,50),
   ('9:30','9:40',11,50),
   ('9:40','9:50',11,50),
   ('9:50','10:00',11,50),
   ('10:00','10:10',11,50),
   ('10:10','10:20',11,50),
   ('10:20','10:30',11,49),
   ('10:30','10:40',11,48),
   ('10:40','10:50',11,47),
   ('10:50','11:00',11,46),
   ('11:00','11:10',11,45),
   ('11:10','11:20',11,44),
   ('11:20','11:30',11,43),
   ('11:30','11:40',11,42),
   ('11:40','11:50',11,41),
   ('11:50','12:00',11,40),
   ('12:00','12:10',11,39),
   ('12:10','12:20',11,38),
   ('12:20','12:30',11,38),
   ('12:30','12:40',11,37),
   ('12:40','12:50',11,37),
   ('12:50','13:00',11,36),
   ('13:00','13:10',11,36),
   ('13:10','13:20',11,35),
   ('13:20','13:30',11,35),
   ('13:30','13:40',11,34),
   ('13:40','13:50',11,33),
   ('13:50','14:00',11,32),
   ('14:00','14:10',11,31),
   ('14:10','14:20',11,30),
   ('14:20','14:30',11,29),
   ('14:30','14:40',11,28),
   ('14:40','14:50',11,27),
   ('14:50','15:00',11,26),
   ('15:00','15:10',11,25),
   ('15:10','15:20',11,24),
   ('15:20','15:30',11,23),
   ('15:30','15:40',11,22),
   ('15:40','15:50',11,21),
   ('15:50','16:00',11,20),
   ('16:00','16:10',11,19),
   ('16:10','16:20',11,18),
   ('16:20','16:30',11,16),
   ('16:30','16:40',11,14),
   ('16:40','16:50',11,12),
   ('16:50','17:00',11,10),
   ('17:00','17:10',11,8),
   ('17:10','17:20',11,6),
   ('17:20','17:30',11,4),
   ('17:30','17:40',11,2),
   ('17:40','17:50',11,1),
   ('17:50','18:00',11,0),
   ('18:00','18:10',11,0),
   ('18:10','18:20',11,0),
   ('0:00','8:30',12,50),
   ('8:30','8:40',12,50),
   ('8:40','8:50',12,50),
   ('8:50','9:00',12,50),
   ('9:00','9:10',12,50),
   ('9:10','9:20',12,50),
   ('9:20','9:30',12,50),
   ('9:30','9:40',12,50),
   ('9:40','9:50',12,50),
   ('9:50','10:00',12,50),
   ('10:00','10:10',12,50),
   ('10:10','10:20',12,50),
   ('10:20','10:30',12,50),
   ('10:30','10:40',12,49),
   ('10:40','10:50',12,48),
   ('10:50','11:00',12,47),
   ('11:00','11:10',12,46),
   ('11:10','11:20',12,45),
   ('11:20','11:30',12,44),
   ('11:30','11:40',12,43),
   ('11:40','11:50',12,42),
   ('11:50','12:00',12,41),
   ('12:00','12:10',12,40),
   ('12:10','12:20',12,39),
   ('12:20','12:30',12,38),
   ('12:30','12:40',12,38),
   ('12:40','12:50',12,37),
   ('12:50','13:00',12,37),
   ('13:00','13:10',12,36),
   ('13:10','13:20',12,36),
   ('13:20','13:30',12,35),
   ('13:30','13:40',12,35),
   ('13:40','13:50',12,34),
   ('13:50','14:00',12,33),
   ('14:00','14:10',12,32),
   ('14:10','14:20',12,31),
   ('14:20','14:30',12,30),
   ('14:30','14:40',12,29),
   ('14:40','14:50',12,28),
   ('14:50','15:00',12,27),
   ('15:00','15:10',12,26),
   ('15:10','15:20',12,25),
   ('15:20','15:30',12,24),
   ('15:30','15:40',12,23),
   ('15:40','15:50',12,22),
   ('15:50','16:00',12,21),
   ('16:00','16:10',12,20),
   ('16:10','16:20',12,19),
   ('16:20','16:30',12,18),
   ('16:30','16:40',12,16),
   ('16:40','16:50',12,14),
   ('16:50','17:00',12,12),
   ('17:00','17:10',12,10),
   ('17:10','17:20',12,8),
   ('17:20','17:30',12,6),
   ('17:30','17:40',12,4),
   ('17:40','17:50',12,2),
   ('17:50','18:00',12,1),
   ('18:00','18:10',12,0),
   ('18:10','18:20',12,0),
   ('0:00','8:30',13,50),
   ('8:30','8:40',13,50),
   ('8:40','8:50',13,50),
   ('8:50','9:00',13,50),
   ('9:00','9:10',13,50),
   ('9:10','9:20',13,50),
   ('9:20','9:30',13,50),
   ('9:30','9:40',13,50),
   ('9:40','9:50',13,50),
   ('9:50','10:00',13,50),
   ('10:00','10:10',13,50),
   ('10:10','10:20',13,50),
   ('10:20','10:30',13,50),
   ('10:30','10:40',13,50),
   ('10:40','10:50',13,49),
   ('10:50','11:00',13,48),
   ('11:00','11:10',13,47),
   ('11:10','11:20',13,46),
   ('11:20','11:30',13,45),
   ('11:30','11:40',13,44),
   ('11:40','11:50',13,43),
   ('11:50','12:00',13,42),
   ('12:00','12:10',13,41),
   ('12:10','12:20',13,40),
   ('12:20','12:30',13,39),
   ('12:30','12:40',13,38),
   ('12:40','12:50',13,38),
   ('12:50','13:00',13,37),
   ('13:00','13:10',13,37),
   ('13:10','13:20',13,36),
   ('13:20','13:30',13,36),
   ('13:30','13:40',13,35),
   ('13:40','13:50',13,35),
   ('13:50','14:00',13,34),
   ('14:00','14:10',13,33),
   ('14:10','14:20',13,32),
   ('14:20','14:30',13,31),
   ('14:30','14:40',13,30),
   ('14:40','14:50',13,29),
   ('14:50','15:00',13,28),
   ('15:00','15:10',13,27),
   ('15:10','15:20',13,26),
   ('15:20','15:30',13,25),
   ('15:30','15:40',13,24),
   ('15:40','15:50',13,23),
   ('15:50','16:00',13,22),
   ('16:00','16:10',13,21),
   ('16:10','16:20',13,20),
   ('16:20','16:30',13,19),
   ('16:30','16:40',13,18),
   ('16:40','16:50',13,16),
   ('16:50','17:00',13,14),
   ('17:00','17:10',13,12),
   ('17:10','17:20',13,10),
   ('17:20','17:30',13,8),
   ('17:30','17:40',13,6),
   ('17:40','17:50',13,4),
   ('17:50','18:00',13,2),
   ('18:00','18:10',13,1),
   ('18:10','18:20',13,0),
   ('0:00','8:30',14,50),
   ('8:30','8:40',14,50),
   ('8:40','8:50',14,50),
   ('8:50','9:00',14,50),
   ('9:00','9:10',14,50),
   ('9:10','9:20',14,50),
   ('9:20','9:30',14,50),
   ('9:30','9:40',14,50),
   ('9:40','9:50',14,50),
   ('9:50','10:00',14,50),
   ('10:00','10:10',14,50),
   ('10:10','10:20',14,50),
   ('10:20','10:30',14,50),
   ('10:30','10:40',14,50),
   ('10:40','10:50',14,50),
   ('10:50','11:00',14,49),
   ('11:00','11:10',14,48),
   ('11:10','11:20',14,47),
   ('11:20','11:30',14,46),
   ('11:30','11:40',14,45),
   ('11:40','11:50',14,44),
   ('11:50','12:00',14,43),
   ('12:00','12:10',14,42),
   ('12:10','12:20',14,41),
   ('12:20','12:30',14,40),
   ('12:30','12:40',14,39),
   ('12:40','12:50',14,38),
   ('12:50','13:00',14,38),
   ('13:00','13:10',14,37),
   ('13:10','13:20',14,37),
   ('13:20','13:30',14,36),
   ('13:30','13:40',14,36),
   ('13:40','13:50',14,35),
   ('13:50','14:00',14,35),
   ('14:00','14:10',14,34),
   ('14:10','14:20',14,33),
   ('14:20','14:30',14,32),
   ('14:30','14:40',14,31),
   ('14:40','14:50',14,30),
   ('14:50','15:00',14,29),
   ('15:00','15:10',14,28),
   ('15:10','15:20',14,27),
   ('15:20','15:30',14,26),
   ('15:30','15:40',14,25),
   ('15:40','15:50',14,24),
   ('15:50','16:00',14,23),
   ('16:00','16:10',14,22),
   ('16:10','16:20',14,21),
   ('16:20','16:30',14,20),
   ('16:30','16:40',14,19),
   ('16:40','16:50',14,18),
   ('16:50','17:00',14,16),
   ('17:00','17:10',14,14),
   ('17:10','17:20',14,12),
   ('17:20','17:30',14,10),
   ('17:30','17:40',14,8),
   ('17:40','17:50',14,6),
   ('17:50','18:00',14,4),
   ('18:00','18:10',14,2),
   ('18:10','18:20',14,1);